time_window,metric_value,metric_name,p_value,significant
30,0.4523809523809524,AUC,0.6534653465346535,False
60,0.4166666666666667,AUC,1.0,False
90,0.11904761904761904,AUC,1.0,False
120,0.2142857142857143,AUC,1.0,False
150,0.2857142857142857,AUC,0.594059405940594,False
180,0.4285714285714286,AUC,1.0,False
210,0.38095238095238093,AUC,0.6831683168316832,False
240,0.11904761904761904,AUC,0.7623762376237624,False
