time_window,metric_value,metric_name,p_value,significant
30,0.5846153846153845,AUC,0.2376237623762376,False
60,0.0,AUC,1.0,False
90,0.0,AUC,1.0,False
120,0.0,AUC,1.0,False
150,0.9538461538461539,AUC,0.13861386138613863,False
180,0.0,AUC,1.0,False
210,0.0,AUC,1.0,False
240,0.09230769230769231,AUC,0.3069306930693069,False
