time_window,metric_value,metric_name,p_value,significant
30,0.20370370370370372,AUC,0.49504950495049505,False
60,0.7037037037037037,AUC,0.24752475247524752,False
90,0.16049382716049385,AUC,0.7821782178217822,False
120,0.2777777777777778,AUC,1.0,False
150,0.4197530864197531,AUC,0.2079207920792079,False
180,0.691358024691358,AUC,0.31683168316831684,False
210,0.5185185185185185,AUC,0.16831683168316833,False
240,0.39506172839506176,AUC,0.693069306930693,False
