time_window,metric_value,metric_name,p_value,significant
30,0.09090909090909094,AUC,1.0,False
60,0.9090909090909091,AUC,0.18811881188118812,False
90,0.0,AUC,0.9801980198019802,False
120,0.4242424242424242,AUC,0.2079207920792079,False
150,0.4242424242424242,AUC,0.15841584158415842,False
180,0.0,AUC,1.0,False
210,0.0,AUC,1.0,False
240,0.06060606060606062,AUC,0.9900990099009901,False
