time_window,metric_value,metric_name,p_value,significant
30,0.880952380952381,AUC,0.2871287128712871,False
60,0.6190476190476191,AUC,0.1485148514851485,False
90,0.880952380952381,AUC,0.2079207920792079,False
120,0.7857142857142858,AUC,0.19801980198019803,False
150,0.3928571428571428,AUC,1.0,False
180,0.6309523809523809,AUC,0.5148514851485149,False
210,0.5952380952380952,AUC,0.3465346534653465,False
240,0.26785714285714285,AUC,1.0,False
