time_window,metric_value,metric_name,p_value,significant
30,0.35714285714285715,AUC,0.25742574257425743,False
60,0.17857142857142858,AUC,0.7128712871287128,False
90,0.7321428571428571,AUC,0.3564356435643564,False
120,0.05357142857142857,AUC,1.0,False
150,0.5,AUC,0.3465346534653465,False
180,0.8571428571428571,AUC,0.38613861386138615,False
210,0.6428571428571428,AUC,0.33663366336633666,False
240,0.6785714285714286,AUC,0.48514851485148514,False
