time_window,metric_value,metric_name,p_value,significant
30,0.5125,AUC,0.16831683168316833,False
60,0.4125,AUC,0.38613861386138615,False
90,0.8,AUC,0.06930693069306931,False
120,0.5,AUC,0.18811881188118812,False
150,0.2625,AUC,0.0594059405940594,False
180,0.275,AUC,1.0,False
210,0.6125,AUC,0.19801980198019803,False
240,0.21875,AUC,1.0,False
