time_window,metric_value,metric_name,p_value,significant
30,-0.7911529596625988,Pearson r,0.009900990099009901,True
60,-0.614897517223116,Pearson r,1.0,False
90,-0.9775696102106859,Pearson r,1.0,False
120,-0.7282784784876584,Pearson r,1.0,False
150,-0.8318513649440313,Pearson r,1.0,False
180,-0.9454739336449643,Pearson r,0.9900990099009901,False
210,-0.8379715425254401,Pearson r,1.0,False
240,-0.9942062569995459,Pearson r,0.009900990099009901,True
