time_window,metric_value,metric_name,p_value,significant
30,-0.356730896992589,Pearson r,1.0,False
60,-0.18028705889729055,Pearson r,0.009900990099009901,True
90,-0.45506428135991966,Pearson r,0.009900990099009901,True
120,-0.24093919729203067,Pearson r,1.0,False
150,-0.15049630266168035,Pearson r,1.0,False
180,-0.5297426747515898,Pearson r,0.009900990099009901,True
210,-0.3997077329645929,Pearson r,1.0,False
240,-0.5492183518860815,Pearson r,0.009900990099009901,True
