time_window,metric_value,metric_name,p_value,significant
30,-1.0,Pearson r,0.009900990099009901,True
60,-0.6041778427802688,Pearson r,0.009900990099009901,True
90,-0.9138696201728395,Pearson r,0.009900990099009901,True
120,-0.7393006775350948,Pearson r,0.009900990099009901,True
150,-0.7501881348404967,Pearson r,1.0,False
180,-0.8381717285621071,Pearson r,0.009900990099009901,True
210,-0.40933382458933476,Pearson r,0.009900990099009901,True
240,-0.3690135059119032,Pearson r,1.0,False
