time_window,metric_value,metric_name,p_value,significant
30,0.16532804836384715,Pearson r,1.0,False
60,0.257999526625168,Pearson r,1.0,False
90,0.16820851991841201,Pearson r,1.0,False
120,0.29925797495847667,Pearson r,1.0,False
150,-0.42636246222992963,Pearson r,1.0,False
180,-0.1497769715666415,Pearson r,1.0,False
210,-0.6503402451031313,Pearson r,0.009900990099009901,True
240,-0.5798232793190764,Pearson r,0.009900990099009901,True
