time_window,score,pval,patient_number,patient_id
30,-1.0,1.0,5,S23_214
60,-0.7218530712113866,0.7843137254901961,5,S23_214
90,-0.6797346199444227,0.803921568627451,5,S23_214
120,-0.8308674094062243,0.9215686274509803,5,S23_214
150,-0.8103921376092387,0.7843137254901961,5,S23_214
180,-0.6638035269239235,0.7254901960784313,5,S23_214
210,-0.8091843494457857,0.803921568627451,5,S23_214
240,-0.6209062391041588,0.5686274509803921,5,S23_214
