time_window,score,pval,patient_number,patient_id
30,-0.8786230025515298,0.8823529411764706,7,S24_219
60,-0.7911246893014473,0.7450980392156863,7,S24_219
90,-0.2721808953317142,0.3333333333333333,7,S24_219
120,-0.42465934986361087,0.47058823529411764,7,S24_219
150,0.3869340171332113,0.0196078431372549,7,S24_219
180,-0.2554076129545584,0.29411764705882354,7,S24_219
210,-0.1402566815237968,0.1568627450980392,7,S24_219
240,0.42080817713236085,0.058823529411764705,7,S24_219
