time_window,score,pval,patient_number,patient_id
30,-0.4441648529848583,0.6274509803921569,2,S23_199
60,0.164911305861414,0.13725490196078433,2,S23_199
90,0.4136407824246042,0.0784313725490196,2,S23_199
120,-0.4167863595563654,0.5098039215686274,2,S23_199
150,-0.25142754728034544,0.37254901960784315,2,S23_199
180,-0.522504318490728,0.5882352941176471,2,S23_199
210,-0.31738145345467894,0.37254901960784315,2,S23_199
240,-0.6063326328224651,0.7058823529411765,2,S23_199
