time_window,score,pval,patient_number,patient_id
30,-0.7957071301881635,0.8431372549019608,1,S23_174
60,0.18315005790445965,0.11764705882352941,1,S23_174
90,-0.04767415000593471,0.23529411764705882,1,S23_174
120,0.4955904833799091,0.0196078431372549,1,S23_174
150,-0.32146213741577734,0.2549019607843137,1,S23_174
180,-0.5977868008986846,0.6470588235294118,1,S23_174
210,-0.6753746110196779,0.7450980392156863,1,S23_174
240,-0.44971809027989745,0.39215686274509803,1,S23_174
