time_window,score,pval,patient_number,patient_id
30,-0.7162605282789078,0.6470588235294118,15,S24_234
60,-1.0,1.0,15,S24_234
90,-0.1444905166413351,0.19607843137254902,15,S24_234
120,-0.09680594595192323,0.09803921568627451,15,S24_234
150,-0.9724219089372154,0.9215686274509803,15,S24_234
180,-1.0,1.0,15,S24_234
210,-0.22500108224574172,0.3137254901960784,15,S24_234
240,-0.8879321841557722,0.7254901960784313,15,S24_234
