time_window,score,pval,patient_number,patient_id
30,0.0,1.0,7,S24_219
60,0.7272727272727273,0.0196078431372549,7,S24_219
90,0.1818181818181818,0.35294117647058826,7,S24_219
120,0.03030303030303031,0.43137254901960786,7,S24_219
150,0.2727272727272727,0.17647058823529413,7,S24_219
180,0.24242424242424243,0.29411764705882354,7,S24_219
210,0.12121212121212122,0.45098039215686275,7,S24_219
240,0.0,1.0,7,S24_219
