time_window,score,pval,patient_number,patient_id
30,0.1428571428571429,0.9019607843137255,5,S23_214
60,0.8857142857142857,0.11764705882352941,5,S23_214
90,1.0,0.0196078431372549,5,S23_214
120,0.35714285714285715,0.5294117647058824,5,S23_214
150,0.3571428571428572,0.43137254901960786,5,S23_214
180,0.9714285714285715,0.0392156862745098,5,S23_214
210,0.35714285714285715,0.6078431372549019,5,S23_214
240,0.38571428571428573,0.35294117647058826,5,S23_214
