time_window,score,pval,patient_number,patient_id
30,0.6375,0.13725490196078433,11,S24_227
60,0.375,0.6470588235294118,11,S24_227
90,0.275,0.6862745098039216,11,S24_227
120,0.4,0.5882352941176471,11,S24_227
150,0.35000000000000003,0.6666666666666666,11,S24_227
180,0.2375,0.8431372549019608,11,S24_227
210,0.35,0.6666666666666666,11,S24_227
240,0.1875,0.8627450980392157,11,S24_227
