time_window,mean_score,sem_score,mean_pval
30,0.31780877916143613,0.05367807228259996,0.6383442265795207
60,0.3659079536494996,0.07216490551928333,0.5403050108932461
90,0.34858349514146614,0.08746593650627717,0.5882352941176471
120,0.5082178601502273,0.07271505747236358,0.3986928104575164
150,0.47272371348458303,0.08909104302059932,0.43355119825708055
180,0.3729468085144414,0.06725768617965926,0.5119825708061002
210,0.5062070399630786,0.08808619015909842,0.3877995642701525
240,0.3339249138766047,0.06030267472774298,0.542483660130719
