time_window,score,pval,patient_number,patient_id
30,0.1338903984081584,0.0196078431372549,13,S24_231
60,-0.9756446956380009,0.45098039215686275,13,S24_231
90,-1.0,1.0,13,S24_231
120,-0.27354852835523463,0.11764705882352941,13,S24_231
150,-0.8533116266769335,0.4117647058823529,13,S24_231
180,-1.0,1.0,13,S24_231
210,-0.2979096842538574,0.09803921568627451,13,S24_231
240,-0.14450398024345787,0.0784313725490196,13,S24_231
