time_window,score,pval,patient_number,patient_id
30,0.6528,0.11764705882352941,13,S24_231
60,0.5456,0.29411764705882354,13,S24_231
90,0.2744,0.8431372549019608,13,S24_231
120,0.544,0.3137254901960784,13,S24_231
150,0.136,0.9803921568627451,13,S24_231
180,0.44480000000000003,0.43137254901960786,13,S24_231
210,0.6896,0.058823529411764705,13,S24_231
240,0.616,0.0392156862745098,13,S24_231
