time_window,score,pval,patient_number,patient_id
30,-1.0,1.0,4,S23_212
60,0.030647337346945545,0.058823529411764705,4,S23_212
90,-1.0,1.0,4,S23_212
120,-0.6000971626610957,0.35294117647058826,4,S23_212
150,-1.0,1.0,4,S23_212
180,-0.6574830349522084,0.3333333333333333,4,S23_212
210,-1.0,1.0,4,S23_212
240,-1.0,1.0,4,S23_212
