time_window,score,pval,patient_number,patient_id
30,-0.7302928788496328,0.5490196078431373,15,S24_234
60,-0.5534789520002039,0.37254901960784315,15,S24_234
90,-1.0,1.0,15,S24_234
120,-1.0,1.0,15,S24_234
150,-1.0,1.0,15,S24_234
180,-0.9980894904505369,0.7647058823529411,15,S24_234
210,-0.9979502281233528,0.7450980392156863,15,S24_234
240,-0.024214283866793758,0.0784313725490196,15,S24_234
