time_window,mean_score,sem_score,mean_pval
30,-0.5062761319165636,0.14765562562781326,0.3803921568627451
60,-0.7623773022864593,0.1263192032254563,0.7333333333333333
90,-0.5268034151555133,0.16141033710231362,0.5784313725490196
120,-0.29631695988263135,0.173149099315337,0.30392156862745096
150,-0.5563159594380103,0.11805047280624589,0.39019607843137255
180,-0.6604302839427061,0.14854354836540878,0.6392156862745099
210,-0.5156547611503749,0.1549217560800334,0.5549019607843138
240,-0.6512199025806208,0.11538367267747875,0.5882352941176471
