time_window,score,pval,patient_number,patient_id
30,-0.6112510143133059,0.6078431372549019,6,S24_217
60,-0.2293199081562811,0.23529411764705882,6,S24_217
90,0.1743320534824575,0.09803921568627451,6,S24_217
120,0.0764254200983708,0.11764705882352941,6,S24_217
150,0.5730246992267313,0.0196078431372549,6,S24_217
180,0.04926252197263218,0.0784313725490196,6,S24_217
210,-0.13321788521021993,0.21568627450980393,6,S24_217
240,-0.4965186825439804,0.39215686274509803,6,S24_217
