time_window,score,pval,patient_number,patient_id
30,-0.4752030966920751,0.4117647058823529,4,S23_212
60,-1.0,1.0,4,S23_212
90,-1.0,1.0,4,S23_212
120,-0.6157327692914967,0.6862745098039216,4,S23_212
150,-0.8197076423836617,0.5098039215686274,4,S23_212
180,-0.701420211322075,0.5686274509803921,4,S23_212
210,0.5327017959573207,0.0392156862745098,4,S23_212
240,-0.09714240887422625,0.17647058823529413,4,S23_212
