time_window,score,pval,patient_number,patient_id
30,-1.0,1.0,15,S24_234
60,-1.0,1.0,15,S24_234
90,-1.0,1.0,15,S24_234
120,-1.0,1.0,15,S24_234
150,-1.0,1.0,15,S24_234
180,-1.0,1.0,15,S24_234
210,-1.0,1.0,15,S24_234
240,0.05076557996258444,0.0784313725490196,15,S24_234
