time_window,score,pval,patient_number,patient_id
30,0.36923076923076925,0.45098039215686275,2,S23_199
60,0.0,1.0,2,S23_199
90,0.3,0.5294117647058824,2,S23_199
120,0.2,0.8431372549019608,2,S23_199
150,0.18461538461538463,0.6274509803921569,2,S23_199
180,0.36923076923076925,0.7058823529411765,2,S23_199
210,0.23076923076923078,0.6862745098039216,2,S23_199
240,0.18461538461538463,0.8823529411764706,2,S23_199
