time_window,score,pval,patient_number,patient_id
30,-0.48150280520614086,0.39215686274509803,7,S24_219
60,-0.1197156435040517,0.1568627450980392,7,S24_219
90,-0.49687082178684633,0.45098039215686275,7,S24_219
120,-0.2587993407470749,0.1568627450980392,7,S24_219
150,-0.421182406422203,0.23529411764705882,7,S24_219
180,0.34792516875067525,0.058823529411764705,7,S24_219
210,0.27427491067793797,0.0784313725490196,7,S24_219
240,-0.6429686955395952,0.4117647058823529,7,S24_219
