time_window,score,pval,patient_number,patient_id
30,-1.0,1.0,13,S24_231
60,-1.0,1.0,13,S24_231
90,-1.0,1.0,13,S24_231
120,0.0710832753325461,0.11764705882352941,13,S24_231
150,-0.8533116266769335,0.4117647058823529,13,S24_231
180,-1.0,1.0,13,S24_231
210,-1.0,1.0,13,S24_231
240,0.12022487574646583,0.058823529411764705,13,S24_231
