time_window,score,pval,patient_number,patient_id
30,-0.9441151145597955,0.6470588235294118,11,S24_227
60,-0.3514507047055484,0.2549019607843137,11,S24_227
90,-0.9999999999999999,0.7450980392156863,11,S24_227
120,-0.9999999999999999,0.7843137254901961,11,S24_227
150,-0.9041566767317999,0.6078431372549019,11,S24_227
180,0.5676863667191434,0.0196078431372549,11,S24_227
210,-0.9585746263802665,0.5490196078431373,11,S24_227
240,-0.587566724434738,0.4117647058823529,11,S24_227
