time_window,mean_score,sem_score,mean_pval
30,-0.2813320944734935,0.20528461320142577,0.4411764705882352
60,-0.09594535028005448,0.16636418306253856,0.26862745098039215
90,-0.639546618713753,0.13297116254489316,0.6019607843137256
120,-0.33473310794463956,0.15409112104777076,0.4019607843137255
150,-0.5645464214941842,0.16200894970804008,0.5666666666666667
180,-0.6402782385119478,0.09722058154911649,0.615686274509804
210,-0.35664189848964656,0.12338278218426642,0.3607843137254902
240,-0.5744537735960652,0.08996106254338239,0.4980392156862745
