time_window,score,pval,patient_number,patient_id
30,0.25,0.5686274509803921,15,S24_234
60,0.125,0.5882352941176471,15,S24_234
90,0.25,0.6862745098039216,15,S24_234
120,0.7708333333333334,0.09803921568627451,15,S24_234
150,0.0,1.0,15,S24_234
180,0.29166666666666663,0.35294117647058826,15,S24_234
210,0.125,0.6470588235294118,15,S24_234
240,0.041666666666666685,0.8235294117647058,15,S24_234
