time_window,score,pval,patient_number,patient_id
30,0.30625,0.21568627450980393,4,S23_212
60,0.0,1.0,4,S23_212
90,0.1375,0.47058823529411764,4,S23_212
120,0.0,1.0,4,S23_212
150,0.09375,0.6078431372549019,4,S23_212
180,0.0,1.0,4,S23_212
210,0.0,1.0,4,S23_212
240,0.0,1.0,4,S23_212
