time_window,score,pval,patient_number,patient_id
30,0.12269239185938813,0.17647058823529413,12,S24_230
60,-0.3940779986204686,0.43137254901960786,12,S24_230
90,-0.25283895614042173,0.29411764705882354,12,S24_230
120,-0.21258154912302446,0.3137254901960784,12,S24_230
150,-0.27829793383833334,0.35294117647058826,12,S24_230
180,0.6341416570675914,0.058823529411764705,12,S24_230
210,-0.649493314890605,0.4117647058823529,12,S24_230
240,-0.7215984249575901,0.5294117647058824,12,S24_230
