time_window,score,pval,patient_number,patient_id
30,0.41269482618216524,0.0196078431372549,5,S23_214
60,-0.07482515633859553,0.2549019607843137,5,S23_214
90,0.618923575424775,0.058823529411764705,5,S23_214
120,-0.42069492549506815,0.5098039215686274,5,S23_214
150,-0.776531126408853,0.8431372549019608,5,S23_214
180,-0.4441880539428364,0.49019607843137253,5,S23_214
210,-0.4295223532784104,0.37254901960784315,5,S23_214
240,-0.8472493736879757,0.7254901960784313,5,S23_214
