time_window,score,pval,patient_number,patient_id
30,-0.8737951723483409,0.3333333333333333,5,S23_214
60,-0.6797719685929454,0.35294117647058826,5,S23_214
90,-0.9988289264267057,0.6078431372549019,5,S23_214
120,-1.0,1.0,5,S23_214
150,-1.0,1.0,5,S23_214
180,-1.0,1.0,5,S23_214
210,-1.0,1.0,5,S23_214
240,-1.0,1.0,5,S23_214
