time_window,score,pval,patient_number,patient_id
30,0.38095238095238093,0.5490196078431373,1,S23_174
60,0.35714285714285715,0.6666666666666666,1,S23_174
90,0.14285714285714285,0.9607843137254902,1,S23_174
120,0.2142857142857143,0.8235294117647058,1,S23_174
150,0.2976190476190476,0.7843137254901961,1,S23_174
180,0.2976190476190476,0.7254901960784313,1,S23_174
210,0.6190476190476191,0.21568627450980393,1,S23_174
240,0.2142857142857143,0.7450980392156863,1,S23_174
