Metric,Time Radius (minutes),R²
Mood,225,0.20009619405800189
Depression,120,0.09865802153645474
Anxiety,135,0.05876136125501178
Hunger,105,0.38503214263606567
Pain,165,0.15750058273167647
