time_window,mean_score,sem_score,mean_pval
30,-0.17176692601513172,0.11895469399618858,0.3313725490196079
60,-0.204144810288201,0.1374078781395582,0.3862745098039216
90,-0.12430348487586307,0.13028586827775968,0.29803921568627445
120,-0.20758232661024806,0.15970005153563163,0.403921568627451
150,-0.6461680489009953,0.079884434573434,0.6294117647058822
180,-0.13592085773295587,0.11636953886395354,0.30392156862745096
210,-0.44570044446288043,0.14406339906458937,0.5137254901960784
240,-0.47391660670828883,0.11352146724868005,0.5529411764705882
