time_window,mean_score,sem_score,mean_pval
30,0.43932023871637393,0.10025625589890869,0.5119825708061002
60,0.44707421983992024,0.06458034259693902,0.47712418300653603
90,0.5182078388600128,0.06017506439690589,0.40305010893246185
120,0.38535613161217025,0.06555464028022014,0.6056644880174291
150,0.38631118836432843,0.05470658039547934,0.5947712418300655
180,0.4331800870448213,0.06248272689770071,0.47712418300653603
210,0.4783248018755264,0.0870332706420557,0.5054466230936819
240,0.5203922844019462,0.06613381908173457,0.35294117647058826
