time_window,score,pval,patient_number,patient_id
30,-0.23257689313174204,0.37254901960784315,12,S24_230
60,-0.5991434493158534,0.6274509803921569,12,S24_230
90,-0.9774996142399629,0.9803921568627451,12,S24_230
120,0.14011465757931832,0.058823529411764705,12,S24_230
150,-0.34010326254328205,0.37254901960784315,12,S24_230
180,-0.5079081777074269,0.49019607843137253,12,S24_230
210,0.18110848386594905,0.19607843137254902,12,S24_230
240,-0.8672526073911652,0.7843137254901961,12,S24_230
