time_window,score,pval,patient_number,patient_id
30,-0.7916175904004303,0.7647058823529411,4,S23_212
60,0.0024158519660232502,0.17647058823529413,4,S23_212
90,0.027519821937822753,0.19607843137254902,4,S23_212
120,-0.7145960592638266,0.8431372549019608,4,S23_212
150,-0.8595353403861736,0.8627450980392157,4,S23_212
180,-0.58807782060583,0.6274509803921569,4,S23_212
210,-0.2427489656623187,0.4117647058823529,4,S23_212
240,-0.5874124279229037,0.6862745098039216,4,S23_212
