time_window,score,pval,patient_number,patient_id
30,-0.5025666392274802,0.35294117647058826,11,S24_227
60,-0.6966374033990885,0.7058823529411765,11,S24_227
90,-0.9999999999999999,0.9411764705882353,11,S24_227
120,-0.4938359703097672,0.43137254901960786,11,S24_227
150,0.5191072796826107,0.058823529411764705,11,S24_227
180,-0.6282901659450068,0.49019607843137253,11,S24_227
210,-0.725921763955194,0.5490196078431373,11,S24_227
240,0.391254069816716,0.0392156862745098,11,S24_227
