time_window,mean_score,sem_score,mean_pval
30,-0.5044643243228673,0.14893540824630774,0.6039215686274508
60,-0.39283942569820585,0.16675378349202352,0.5176470588235295
90,-0.28815615234176695,0.17776621686427968,0.46862745098039216
120,-0.25622705482628605,0.13164261398620294,0.40980392156862744
150,-0.3060279388621038,0.1569494821993891,0.43725490196078426
180,-0.5107295039036,0.07818272763153412,0.5411764705882353
210,-0.32658178437622915,0.1167832691536846,0.43921568627450974
240,-0.3822577197474707,0.14436876876843466,0.48039215686274506
