time_window,score,pval,patient_number,patient_id
30,0.7346529444436883,0.0196078431372549,10,S24_226
60,0.5269919054784695,0.0392156862745098,10,S24_226
90,0.7005405266938698,0.0392156862745098,10,S24_226
120,0.27168121053092,0.13725490196078433,10,S24_226
150,0.16386049087640348,0.1568627450980392,10,S24_226
180,-0.05792607808016095,0.2549019607843137,10,S24_226
210,-0.6461319699114367,0.8235294117647058,10,S24_226
240,-0.6117673707104475,0.6666666666666666,10,S24_226
