time_window,score,pval,patient_number,patient_id
30,-0.41777955090924784,0.5294117647058824,6,S24_217
60,-0.9971047649646494,0.8431372549019608,6,S24_217
90,-0.901682858310597,0.8823529411764706,6,S24_217
120,-0.49210580540129023,0.6078431372549019,6,S24_217
150,-0.5748388421412304,0.5686274509803921,6,S24_217
180,-0.2855905374296799,0.29411764705882354,6,S24_217
210,0.33507454959038985,0.0196078431372549,6,S24_217
240,-0.003317892036973807,0.17647058823529413,6,S24_217
