time_window,score,pval
30,-1.0,1.0
60,-1.0,1.0
90,-1.0,1.0
120,-0.2196391628750691,0.19607843137254902
150,-0.8663740934569383,0.5686274509803921
180,-1.0,1.0
210,0.1349765455324008,0.11764705882352941
240,-1.0,1.0
