time_window,score,pval
30,0.09754533578673051,0.11764705882352941
60,0.1692694581574526,0.09803921568627451
90,-0.03715417865457761,0.1568627450980392
120,0.21163131779849487,0.09803921568627451
150,-0.3132245904619255,0.27450980392156865
180,0.3709850305449558,0.058823529411764705
210,-0.5674741967655429,0.43137254901960786
240,-0.569862181482031,0.5098039215686274
