time_window,score,pval
30,0.09876543209876543,0.9803921568627451
60,0.25925925925925924,0.7254901960784313
90,0.2839506172839506,0.7058823529411765
120,0.4444444444444444,0.5098039215686274
150,0.33333333333333337,0.6862745098039216
180,0.1728395061728395,0.8235294117647058
210,0.2345679012345679,0.7647058823529411
240,0.45679012345679015,0.43137254901960786
