time_window,score,pval,patient_number,patient_id
30,-1.0,1.0,6,S24_217
60,-1.0,1.0,6,S24_217
90,0.3629409864140974,0.0784313725490196,6,S24_217
120,0.4519640952559284,0.0196078431372549,6,S24_217
150,-0.3394395064786412,0.2549019607843137,6,S24_217
180,0.36600545991747485,0.0392156862745098,6,S24_217
210,0.09337923380611374,0.058823529411764705,6,S24_217
240,-0.38360538394102855,0.35294117647058826,6,S24_217
