time_window,score,pval
30,-0.5529760703276253,0.5294117647058824
60,-0.2838013316010967,0.29411764705882354
90,-0.42014579321880857,0.45098039215686275
120,-0.7072531052060665,0.5882352941176471
150,-0.2092674197001957,0.17647058823529413
180,-0.4262464149017406,0.45098039215686275
210,0.1753524788639214,0.058823529411764705
240,-0.4256324933771213,0.39215686274509803
