time_window,score,pval,patient_number,patient_id
30,-0.9999999999999999,0.8431372549019608,12,S24_230
60,-0.9999999999999999,0.7450980392156863,12,S24_230
90,-0.9999999999999999,0.8235294117647058,12,S24_230
120,0.03584318566302344,0.1568627450980392,12,S24_230
150,-0.2900099012306757,0.27450980392156865,12,S24_230
180,-0.33490728251749546,0.29411764705882354,12,S24_230
210,-0.9999999999999999,0.7450980392156863,12,S24_230
240,-0.9999999999999999,0.6666666666666666,12,S24_230
