time_window,score,pval,patient_number,patient_id
30,0.13846153846153847,0.45098039215686275,2,S23_199
60,0.0923076923076923,0.6862745098039216,2,S23_199
90,0.0,1.0,2,S23_199
120,0.015384615384615375,0.8235294117647058,2,S23_199
150,0.6923076923076923,0.11764705882352941,2,S23_199
180,0.0,1.0,2,S23_199
210,0.3076923076923077,0.23529411764705882,2,S23_199
240,0.0,1.0,2,S23_199
