time_window,score,pval
30,-0.8062071908037017,0.5686274509803921
60,-0.040349930710443876,0.0784313725490196
90,-0.9999999999999999,0.9607843137254902
120,-0.7501356612693305,0.4117647058823529
150,-0.8681747716520577,0.7058823529411765
180,-0.5560619556753817,0.49019607843137253
210,-0.9956320849531898,0.7058823529411765
240,-0.995586746319994,0.7450980392156863
