time_window,score,pval
30,-0.4645527341798444,0.2549019607843137
60,-0.34033880563986896,0.17647058823529413
90,-0.6615642409828496,0.5294117647058824
120,-0.9265588213377685,0.9215686274509803
150,-0.9094120032068942,0.8627450980392157
180,-0.5268215295056562,0.35294117647058826
210,-0.8849273152962082,0.5882352941176471
240,-0.9074627630962628,0.803921568627451
