time_window,score,pval
30,0.4375,0.5294117647058824
60,0.6375,0.3137254901960784
90,0.5625,0.37254901960784315
120,0.35,0.6666666666666666
150,0.5125,0.2549019607843137
180,0.15000000000000002,0.9411764705882353
210,0.7125,0.11764705882352941
240,0.575,0.3137254901960784
