time_window,mean_score,sem_score,mean_pval
30,,,
60,,,
90,,,
120,0.2777637455979231,0.21181861777258124,0.44166666666666665
150,,,
180,,,
210,,,
240,,,
