time_window,score,pval,patient_number,patient_id
30,0.21428571428571427,0.9215686274509803,6,S24_217
60,0.46428571428571425,0.49019607843137253,6,S24_217
90,0.7142857142857142,0.19607843137254902,6,S24_217
120,0.6607142857142857,0.13725490196078433,6,S24_217
150,0.6428571428571428,0.21568627450980393,6,S24_217
180,0.35714285714285715,0.5098039215686274,6,S24_217
210,0.6785714285714286,0.1568627450980392,6,S24_217
240,0.3035714285714286,0.7843137254901961,6,S24_217
