time_window,score,pval
30,-0.9999999999999999,0.9019607843137255
60,-0.23606609824673047,0.21568627450980393
90,-0.9999999999999999,0.9215686274509803
120,-0.981304794589902,0.8235294117647058
150,-0.9562643780353902,0.9019607843137255
180,-0.9390552353558299,0.7254901960784313
210,-0.264795623272292,0.3333333333333333
240,-0.5005398302218187,0.3137254901960784
