time_window,score,pval,patient_number,patient_id
30,0.4375,0.5294117647058824,11,S24_227
60,0.6375,0.3137254901960784,11,S24_227
90,0.5625,0.37254901960784315,11,S24_227
120,0.35,0.6666666666666666,11,S24_227
150,0.5125,0.2549019607843137,11,S24_227
180,0.15000000000000002,0.9411764705882353,11,S24_227
210,0.7125,0.11764705882352941,11,S24_227
240,0.575,0.3137254901960784,11,S24_227
