time_window,score,pval,patient_number,patient_id
30,-0.864932608549468,0.6078431372549019,10,S24_226
60,-0.24286827447788445,0.1568627450980392,10,S24_226
90,0.5485846458668737,0.0196078431372549,10,S24_226
120,0.40017790477723575,0.09803921568627451,10,S24_226
150,-0.8478258751448576,0.5490196078431373,10,S24_226
180,0.29669950407342005,0.11764705882352941,10,S24_226
210,-0.7025349220159041,0.4117647058823529,10,S24_226
240,-0.1004977879883299,0.13725490196078433,10,S24_226
