time_window,score,pval,patient_number,patient_id
30,-1.0,1.0,1,S23_174
60,-1.0,1.0,1,S23_174
90,-1.0,1.0,1,S23_174
120,-0.2196391628750691,0.19607843137254902,1,S23_174
150,-0.8663740934569383,0.5686274509803921,1,S23_174
180,-1.0,1.0,1,S23_174
210,0.1349765455324008,0.11764705882352941,1,S23_174
240,-1.0,1.0,1,S23_174
