time_window,mean_score,sem_score,mean_pval
30,-0.39529593244964584,0.1026390945462997,0.36974789915966383
60,-0.204656284699169,0.13239579709663396,0.2913165266106442
90,-0.38940555341243605,0.15032218253367083,0.40616246498599445
120,-0.29547172224697993,0.15410395352573136,0.3417366946778711
150,-0.38929463162106426,0.17265275233903568,0.3641456582633053
180,-0.049739478157646774,0.1694819391390489,0.24089635854341737
210,-0.26255757475501984,0.15601965282686378,0.33613445378151263
240,-0.48478016733404,0.08681564778777817,0.4257703081232493
