time_window,score,pval,patient_number,patient_id
30,0.375,0.5882352941176471,6,S24_217
60,0.3125,0.7843137254901961,6,S24_217
90,0.8035714285714286,0.13725490196078433,6,S24_217
120,0.6964285714285714,0.19607843137254902,6,S24_217
150,0.6785714285714286,0.23529411764705882,6,S24_217
180,0.5178571428571428,0.3333333333333333,6,S24_217
210,0.3571428571428571,0.5294117647058824,6,S24_217
240,0.8928571428571428,0.0392156862745098,6,S24_217
