time_window,score,pval
30,-0.8047389830294337,0.37254901960784315
60,-0.7123876204287942,0.3137254901960784
90,-0.9775696102106859,0.8823529411764706
120,-0.7581490975648695,0.39215686274509803
150,-0.8615406650488878,0.6078431372549019
180,-0.7589580426017941,0.5490196078431373
210,-0.47984779804336863,0.13725490196078433
240,-0.9891172781806872,0.9019607843137255
