time_window,score,pval
30,-0.6760650019374976,0.5490196078431373
60,0.002021281028055266,0.13725490196078433
90,-0.6927917535033672,0.7058823529411765
120,-0.6361213009613444,0.43137254901960786
150,-0.22613605949269788,0.09803921568627451
180,0.3225789012767171,0.0784313725490196
210,0.5068649610058789,0.0196078431372549
240,0.15799996394347582,0.11764705882352941
