time_window,score,pval
30,-0.6669422012499512,0.6470588235294118
60,-0.25834126777068367,0.2549019607843137
90,0.2933994919751769,0.11764705882352941
120,0.2236252289739089,0.0784313725490196
150,0.1030635294968579,0.09803921568627451
180,-0.5151300978142744,0.5098039215686274
210,-0.31269172768499653,0.2549019607843137
240,-0.32816388828210613,0.27450980392156865
