time_window,score,pval,patient_number,patient_id
30,-0.5292584483379306,0.39215686274509803,11,S24_227
60,0.3604506644462243,0.13725490196078433,11,S24_227
90,-0.5503554831581553,0.45098039215686275,11,S24_227
120,-0.44815895228696084,0.37254901960784315,11,S24_227
150,-0.9649194435622904,0.6666666666666666,11,S24_227
180,-0.3141908436663196,0.29411764705882354,11,S24_227
210,-0.3105640866992105,0.3137254901960784,11,S24_227
240,-0.058152402212784185,0.1568627450980392,11,S24_227
