time_window,score,pval,patient_number,patient_id
30,-0.5159313744142738,0.3137254901960784,1,S23_174
60,-0.6740216923824499,0.5294117647058824,1,S23_174
90,-0.7344083049285746,0.6470588235294118,1,S23_174
120,-1.0,1.0,1,S23_174
150,-0.8003477664736527,0.6470588235294118,1,S23_174
180,-0.6855742729871941,0.6078431372549019,1,S23_174
210,-0.6793997436338793,0.6666666666666666,1,S23_174
240,-0.5251170649805577,0.43137254901960786,1,S23_174
