time_window,score,pval
30,-0.38769740890649673,0.39215686274509803
60,-0.3051935911873295,0.37254901960784315
90,-0.3995554135688489,0.37254901960784315
120,-0.09360867491323509,0.21568627450980393
150,0.2452067782542913,0.058823529411764705
180,-0.36156671477280145,0.21568627450980393
210,-0.3237113463085552,0.29411764705882354
240,-0.042734501816204015,0.09803921568627451
