time_window,mean_score,sem_score,mean_pval
30,-0.8831154938875625,0.05508906041778608,0.6753812636165577
60,-0.4610029355767261,0.12784781425151986,0.40087145969498905
90,-0.49026397146266354,0.214063943722724,0.5185185185185186
120,-0.40821861391433845,0.17932385566267475,0.41612200435729846
150,-0.5844881598255467,0.13058213041307595,0.46623093681917216
180,-0.3073033925444506,0.20424783362135832,0.4509803921568627
210,-0.5321966729699016,0.14002391476300538,0.4335511982570806
240,-0.6513539346067105,0.11180494239848586,0.5359477124183007
