time_window,score,pval,patient_number,patient_id
30,0.4285714285714286,0.6274509803921569,1,S23_174
60,0.5,0.5294117647058824,1,S23_174
90,0.5476190476190477,0.5490196078431373,1,S23_174
120,0.2142857142857143,0.9411764705882353,1,S23_174
150,0.28571428571428575,0.6470588235294118,1,S23_174
180,0.2976190476190476,0.7843137254901961,1,S23_174
210,0.5476190476190477,0.5098039215686274,1,S23_174
240,0.3214285714285714,0.7058823529411765,1,S23_174
