time_window,score,pval
30,-0.43482102680606033,0.3137254901960784
60,-1.0,1.0
90,-0.9361015431802813,0.8235294117647058
120,-0.1205794436513818,0.23529411764705882
150,-0.5451682689933892,0.5294117647058824
180,-0.6961578180573479,0.6274509803921569
210,-0.7126073237234458,0.6470588235294118
240,-0.5208288287872466,0.45098039215686275
