time_window,score,pval,patient_number,patient_id
30,-0.6592595629089113,0.49019607843137253,10,S24_226
60,0.1828500118368093,0.09803921568627451,10,S24_226
90,0.11966171363431666,0.09803921568627451,10,S24_226
120,0.35139332001471146,0.0784313725490196,10,S24_226
150,-0.31808814855416373,0.27450980392156865,10,S24_226
180,0.16954352744568665,0.0784313725490196,10,S24_226
210,-0.6916898388213689,0.6078431372549019,10,S24_226
240,-0.7028280924206591,0.7058823529411765,10,S24_226
