time_window,score,pval,patient_number,patient_id
30,0.2738095238095238,0.7647058823529411,10,S24_226
60,0.16666666666666663,0.9019607843137255,10,S24_226
90,0.6071428571428571,0.1568627450980392,10,S24_226
120,0.5833333333333333,0.0784313725490196,10,S24_226
150,0.4583333333333333,0.45098039215686275,10,S24_226
180,0.5,0.37254901960784315,10,S24_226
210,0.6785714285714286,0.21568627450980393,10,S24_226
240,0.23809523809523814,0.7647058823529411,10,S24_226
