time_window,score,pval
30,0.23809523809523814,0.9607843137254902
60,0.8214285714285714,0.0392156862745098
90,0.7857142857142858,0.11764705882352941
120,0.9404761904761905,0.0196078431372549
150,0.375,0.6470588235294118
180,0.2976190476190476,0.8431372549019608
210,0.3214285714285714,0.8431372549019608
240,0.27380952380952384,0.8627450980392157
