time_window,score,pval,patient_number,patient_id
30,-0.8752784141697167,0.45098039215686275,7,S24_219
60,-0.004542497632004469,0.0784313725490196,7,S24_219
90,-0.6262980481666357,0.4117647058823529,7,S24_219
120,-0.26683857702772845,0.17647058823529413,7,S24_219
150,-0.34125349824743056,0.17647058823529413,7,S24_219
180,0.17857742223289075,0.0392156862745098,7,S24_219
210,-1.0,1.0,7,S24_219
240,-0.2943889385544855,0.23529411764705882,7,S24_219
