time_window,score,pval
30,0.16666666666666666,0.3137254901960784
60,0.6666666666666666,0.058823529411764705
90,0.5606060606060606,0.2549019607843137
120,0.0,1.0
150,0.0,1.0
180,0.0,1.0
210,0.0,1.0
240,0.0,1.0
