time_window,mean_score,sem_score,mean_pval
30,-0.6073781442629371,0.08064248928573654,0.5272331154684096
60,-0.3283054494233624,0.1291119873326553,0.32244008714596956
90,-0.5018477773139092,0.12734567988749682,0.46623093681917216
120,-0.46978721527904493,0.14639163721853882,0.4466230936819172
150,-0.48739789348471757,0.14408862719920001,0.4117647058823529
180,-0.24154081883003167,0.1337611309612437,0.29411764705882354
210,-0.35882226502651116,0.13578027037613127,0.3485838779956427
240,-0.41032128423600367,0.08354348222874247,0.34204793028322444
