time_window,mean_score,sem_score,mean_pval
30,-0.9549037338969972,0.02151699950201066,0.7338935574229692
60,-0.6486199459233101,0.15145212000005637,0.5434173669467787
90,-0.5283804507408892,0.24069034218531193,0.5042016806722689
120,-0.12952626910096995,0.1727736123889303,0.23809523809523808
150,-0.47102362911924384,0.15218479173204558,0.3557422969187675
180,-0.08650294634090554,0.2069094099560338,0.3053221288515406
210,-0.5497609581226294,0.17475347471030891,0.45378151260504207
240,-0.6237226907026546,0.13293718284103131,0.49019607843137253
