time_window,score,pval,patient_number,patient_id
30,-0.9999999999999998,0.5882352941176471,2,S23_199
60,-0.9414781446477328,0.5686274509803921,2,S23_199
90,-0.98389073930056,0.45098039215686275,2,S23_199
120,-0.30819132950017986,0.23529411764705882,2,S23_199
150,0.2918941474556365,0.058823529411764705,2,S23_199
180,-0.6795820948117725,0.6274509803921569,2,S23_199
210,-0.41557293780074955,0.29411764705882354,2,S23_199
240,-0.9999999999999998,0.6274509803921569,2,S23_199
