time_window,score,pval,patient_number,patient_id
30,-0.09256071382634641,0.21568627450980393,2,S23_199
60,-0.558759426513965,0.45098039215686275,2,S23_199
90,-0.9853590749898287,0.803921568627451,2,S23_199
120,-0.5765809536848815,0.35294117647058826,2,S23_199
150,-0.5152514217235372,0.35294117647058826,2,S23_199
180,-0.549284105686599,0.5098039215686274,2,S23_199
210,0.35218693529220707,0.058823529411764705,2,S23_199
240,-0.24627780868311314,0.35294117647058826,2,S23_199
