time_window,score,pval
30,-0.45750611690537935,0.3137254901960784
60,-0.3322707697701905,0.2549019607843137
90,0.2862874120222521,0.0784313725490196
120,-1.0,1.0
150,-0.42879878613844064,0.37254901960784315
180,-1.0,1.0
210,-0.6810156416452273,0.43137254901960786
240,-1.0,1.0
