time_window,score,pval
30,-1.0,1.0
60,-1.0,1.0
90,-1.0,1.0
120,-1.0,1.0
150,-0.7808564253488424,0.6470588235294118
180,-0.42610449982856013,0.29411764705882354
210,-0.3259132827387896,0.29411764705882354
240,-0.3690135059119032,0.3137254901960784
