time_window,mean_score,sem_score,mean_pval
30,,,
60,,,
90,-0.3796607112460979,0.24761011387369478,0.8333333333333333
120,-0.0703817683859319,0.12888280399668456,0.6666666666666666
150,,,
180,,,
210,,,
240,-0.5177486930595272,0.0,0.9
