time_window,mean_score,sem_score,mean_pval
30,-0.08872825994761424,0.0623773709711513,0.5187165775401069
60,0.010366594096473376,0.11302302033569604,0.48128342245989303
90,-0.028545643945895385,0.10370480541744861,0.45454545454545453
120,0.12881013044466805,0.09788508682103382,0.34402852049910876
150,-0.04551488236833146,0.09965076093906108,0.47415329768270936
180,-0.21529852148303041,0.05524345133514916,0.6399286987522281
210,0.027067400000811884,0.10097755402236633,0.3636363636363636
240,-0.05633392619463196,0.08995766836117244,0.5080213903743315
