time_window,mean_score,sem_score,mean_pval
30,-0.14238476364145697,0.06815935008280842,0.5971479500891266
60,-0.10630010040184144,0.09396701014207665,0.4901960784313726
90,-0.0045977047647156105,0.08579954541550322,0.43850267379679136
120,0.049069055951894175,0.10725434027254134,0.3975044563279857
150,0.005633945535012745,0.08917251774964656,0.4117647058823529
180,0.09300903815956238,0.08408352402537796,0.3226381461675578
210,-0.0004525679849033404,0.09067050470709112,0.44741532976827086
240,0.07937106255063334,0.07353693495235021,0.35472370766488415
