time_window,mean_score,sem_score,mean_pval
30,0.39185166833166835,0.045720916936352995,0.6352941176470589
60,0.5515150532800532,0.0738497288876778,0.44901960784313716
90,0.571954368964369,0.07295672733913011,0.45686274509803926
120,0.5836084182484182,0.06051110408361957,0.3803921568627451
150,0.5311611688311688,0.06592036851028642,0.45098039215686275
180,0.4511304961704961,0.05627183746446199,0.5235294117647059
210,0.5382594988344988,0.07291693173564986,0.42745098039215684
240,0.5659280952380953,0.04552339619482614,0.3588235294117647
