time_window,mean_score,sem_score,mean_pval
30,0.07316826015073244,0.07945885883040348,0.35650623885918004
60,0.07833930163764445,0.04994819861417699,0.3458110516934046
90,0.056192251984407054,0.08183906005965043,0.4224598930481283
120,-0.06194399456612388,0.09516806734654483,0.5204991087344027
150,-0.008577397331300633,0.06370628689548387,0.46345811051693403
180,0.029920724296967682,0.06647507779634051,0.4224598930481283
210,0.09877574706481172,0.08315752595702593,0.36007130124777187
240,0.00226545958632296,0.056794365144070685,0.43137254901960786
