time_window,mean_score,sem_score,mean_pval
30,0.40167164835164837,0.06245387292503715,0.5450980392156863
60,0.3636113186813187,0.07246819843039519,0.5549019607843138
90,0.44724714951714944,0.06850448432910683,0.507843137254902
120,0.46332397602397596,0.08750882104630855,0.41568627450980394
150,0.5296813536463537,0.05686990912660482,0.3333333333333333
180,0.42604661005661004,0.06581338485196193,0.503921568627451
210,0.3884132201132201,0.07229837073484886,0.5313725490196078
240,0.46635429903429904,0.050390289873740716,0.43725490196078426
