time_window,mean_score,sem_score,mean_pval
30,0.13647459235115628,0.09116750348714343,0.34422657952069713
60,-0.04176418758621171,0.06784446193012124,0.4466230936819172
90,0.07521684921523854,0.09059568798361944,0.355119825708061
120,0.10953999602728888,0.10554037647662536,0.3856209150326798
150,0.05646593672924202,0.0924586034641564,0.4226579520697167
180,-0.06783190458437545,0.1077334659460457,0.5054466230936819
210,0.0820801268505945,0.08764245906119239,0.3769063180827886
240,0.10156768597412641,0.08612516630296685,0.3333333333333333
