time_window,mean_score,sem_score,mean_pval
30,-0.19171836113102927,0.06093735437763706,0.6579520697167756
60,-0.15819479842558593,0.08534784610636263,0.5882352941176471
90,-0.004198025927120593,0.060175210376143366,0.35729847494553385
120,0.20360709624512643,0.08757885994264514,0.20043572984749455
150,0.14673881686812057,0.07743946940817388,0.21568627450980393
180,-0.0019989400073040756,0.08015022320587711,0.3333333333333333
210,-0.01779817411698692,0.12703957511402367,0.40740740740740744
240,-0.0342800630645424,0.09827873098782897,0.5141612200435729
