time_window,mean_score,sem_score,mean_pval
30,0.3793951418951419,0.08787952251425095,0.6358543417366948
60,0.5137445887445887,0.08133421374472083,0.4005602240896358
90,0.582021103896104,0.054711131342726524,0.3025210084033613
120,0.6836023929773931,0.11167077852657258,0.20448179271708683
150,0.6361817580567581,0.09904900693697873,0.28291316526610644
180,0.547207190957191,0.07903604806812956,0.36134453781512604
210,0.6296416546416547,0.0581333723826796,0.21568627450980396
240,0.5470087782587782,0.10102537917391001,0.3417366946778711
