time_window,mean_score,sem_score,mean_pval
30,0.5050940957190956,0.10912349136056003,0.36974789915966383
60,0.548348063973064,0.08441785537472177,0.3361344537815126
90,0.5636017917267917,0.08464191807048237,0.36974789915966383
120,0.6569730038480037,0.08871800291504028,0.24369747899159663
150,0.5667763949013949,0.051300001624817744,0.25210084033613445
180,0.5262400793650793,0.07323054464766156,0.39215686274509803
210,0.6526500120250119,0.11088184495808547,0.28291316526610644
240,0.5644240019240019,0.09739884015011663,0.3361344537815126
