time_window,mean_score,sem_score,mean_pval
30,0.043255301435919255,0.11459920100392522,0.355119825708061
60,0.20198985685506335,0.0804928838555316,0.20915032679738563
90,0.14550407493500317,0.07322423692485387,0.3137254901960784
120,0.11970213355529295,0.0733224652790217,0.27233115468409586
150,0.01640827621848461,0.0719846224493041,0.4074074074074074
180,-0.04871176385551777,0.12296144434927347,0.44880174291938996
210,-0.02200074531836824,0.08417532834595633,0.4466230936819172
240,0.007015659272158341,0.09036255833104795,0.48148148148148145
