time_window,mean_score,sem_score,mean_pval
30,-0.4524107493641068,0.144205684033274,0.5668449197860962
60,-0.420449469051614,0.15386312005359712,0.5276292335115865
90,-0.2650493606049871,0.16310049648784009,0.43672014260249553
120,-0.2444827435355921,0.12019783812078777,0.39215686274509803
150,-0.31597300802653927,0.142996083872316,0.4402852049910873
180,-0.512808719686668,0.0711028492182099,0.5418894830659536
210,-0.31452010408405884,0.10678767262111447,0.4260249554367201
240,-0.398003995046002,0.13210026588917442,0.47593582887700536
