time_window,mean_score,sem_score,mean_pval
30,-0.9598292099661201,0.017031530569208274,0.7700534759358288
60,-0.6535876593371973,0.12307991099901278,0.5650623885918004
90,-0.6997720074193573,0.1677298901875269,0.6488413547237077
120,-0.3123361610032127,0.15406882386547127,0.37611408199643487
150,-0.650043366410149,0.12087537865905018,0.5365418894830659
180,-0.38754578721259525,0.18022753852486162,0.49732620320855614
210,-0.7134842460780368,0.12896288092255928,0.6524064171122994
240,-0.5631880344735937,0.13227804362093304,0.5062388591800357
