time_window,mean_score,sem_score,mean_pval
30,-0.31297119716417593,0.11124602793563981,0.3297682709447415
60,-0.3669584344338141,0.12644764881707185,0.3814616755793226
90,-0.46423626300586174,0.16213022336567004,0.5329768270944742
120,-0.3980252980791508,0.11723581203749447,0.427807486631016
150,-0.5613284378924451,0.1304337334528503,0.4830659536541889
180,-0.3174431002562705,0.157506526087936,0.40998217468805703
210,-0.27550759027122174,0.14063864279957436,0.3279857397504456
240,-0.4096882925464303,0.08704705509769593,0.3672014260249554
