time_window,mean_score,sem_score,mean_pval
30,0.34264950549450546,0.04688549052621858,0.5196078431372548
60,0.4232504761904762,0.09931393078370097,0.5019607843137254
90,0.5007625108225108,0.08625202510309779,0.4176470588235294
120,0.40731666666666666,0.09677442668613871,0.5607843137254902
150,0.2623293956043956,0.06679258131692985,0.6431372549019608
180,0.3340221245421245,0.08456025859480923,0.6431372549019608
210,0.33412025641025644,0.07707304192098552,0.6
240,0.3291091575091575,0.0887146518562991,0.6019607843137255
