time_window,mean_score,sem_score,mean_pval
30,0.2604537728937729,0.06972774082259321,0.6254901960784315
60,0.25842756576756576,0.06936651607859555,0.7058823529411765
90,0.30090800865800865,0.07015237574538477,0.5372549019607844
120,0.2929978121878122,0.07480333705440236,0.5215686274509804
150,0.42615778221778217,0.06485182124301098,0.380392156862745
180,0.22386861471861472,0.05839077963758357,0.7196078431372549
210,0.33555520479520484,0.07706757309620367,0.5450980392156863
240,0.20863238095238096,0.04735978995115673,0.7019607843137254
