time_window,mean_score,sem_score,mean_pval
30,-0.17062439938126536,0.16973214757947871,0.3877995642701525
60,-0.2822765848599283,0.15038879559977097,0.3986928104575164
90,-0.1712721889612521,0.1997476088606733,0.38126361655773416
120,-0.328025126787103,0.18537263042929245,0.5032679738562091
150,-0.2862982991285198,0.1520752882089664,0.39215686274509803
180,-0.33152682981997256,0.1560287056512622,0.4509803921568627
210,-0.3673042238731603,0.17103412107833718,0.4923747276688453
240,-0.3088508875692898,0.17790478010417551,0.4444444444444444
