time_window,mean_score,sem_score,mean_pval
30,0.3349702380952381,0.12604577021888225,0.5574229691876751
60,0.4229572510822511,0.1140245120909531,0.3697478991596639
90,0.29827741702741706,0.1278412108065577,0.5462184873949579
120,0.4782993626743627,0.12687584852097483,0.2969187675070028
150,0.4415321368446368,0.13813817096698483,0.35574229691876746
180,0.42942971380471384,0.0960430667388164,0.2240896358543417
210,0.38643578643578647,0.12494623730383386,0.41456582633053213
240,0.3363425925925926,0.1284056971639652,0.5406162464985994
