time_window,mean_score,sem_score,mean_pval
30,-0.6782030131337243,0.15784162155894588,0.6318082788671024
60,-0.6907500661880182,0.11567322852475716,0.5686274509803921
90,-0.6864584636528734,0.12584585492968353,0.5751633986928105
120,-0.25855076250333725,0.1941520547681975,0.2875816993464052
150,-0.33402058358777764,0.18133127729624363,0.2984749455337691
180,-0.37247651159977724,0.16275233321803287,0.38344226579520696
210,-0.4068518936024762,0.16267332592761918,0.38344226579520696
240,-0.5021681209353098,0.15243140939753735,0.42483660130718953
