time_window,mean_score,sem_score,mean_pval
30,,,
60,-0.43901746094248856,0.02568510923936436,
90,-0.0018112038360170776,0.0,
120,-0.04885370775455602,0.0,0.5
150,,,
180,,,
210,0.08671866222765177,0.0,1.0
240,,,
