time_window,mean_score,sem_score,mean_pval
30,-0.3579381136331111,0.18501004692326303,0.46623093681917205
60,-0.08732881869049008,0.15282016932843298,0.2309368191721133
90,-0.44457976081838146,0.1443481809211328,0.3812636165577342
120,-0.3624361549422685,0.14687860532039826,0.43137254901960786
150,-0.4535485239162093,0.12932842906488004,0.40522875816993464
180,-0.5241169945043443,0.17902077452278667,0.5315904139433552
210,-0.32606742604306665,0.1525524169676622,0.3137254901960784
240,-0.357872631918706,0.1531505832992883,0.3769063180827887
