time_window,mean_score,sem_score,mean_pval
30,0.30191197691197696,0.15614942458648715,0.6778711484593837
60,0.31348605098605103,0.10492750835770209,0.4873949579831933
90,0.301521164021164,0.11926298546479555,0.5574229691876751
120,0.540612974987975,0.1093048106685485,0.3109243697478991
150,0.3891459235209235,0.05112617970712928,0.3025210084033613
180,0.39295935545935545,0.12425231163809752,0.4677871148459384
210,0.4028318903318903,0.1264619480557371,0.4257703081232493
240,0.5286450817700817,0.1146669064610559,0.30812324929971985
