Metric,Num Patients Included,Mean Datapoints (Included),Median Datapoints (Included),Mean Range (Included),Median Range (Included),Total Patients w/ Non-Zero
Anxiety,7,25.142857142857142,18.0,6.857142857142857,7.0,31
Depression,2,43.5,43.5,7.0,7.0,30
Hunger,11,21.636363636363637,18.0,7.454545454545454,8.0,35
Mood,9,18.444444444444443,13.0,6.333333333333333,6.0,35
Pain,3,36.0,19.0,6.333333333333333,6.0,35
Sleepiness,5,26.6,18.0,6.5,6.0,29
