time_window,metric_value,metric_name,p_value,significant
30,0.7380952380952381,AUC,0.46534653465346537,False
60,0.40476190476190477,AUC,0.6633663366336634,False
90,0.5714285714285714,AUC,0.44554455445544555,False
120,0.8095238095238095,AUC,0.7128712871287128,False
150,0.1904761904761905,AUC,1.0,False
180,0.9047619047619049,AUC,0.7425742574257426,False
210,0.7619047619047619,AUC,0.7029702970297029,False
240,0.30952380952380953,AUC,0.5247524752475248,False
