time_window,metric_value,metric_name,p_value,significant
30,0.27692307692307694,AUC,1.0,False
60,0.0,AUC,0.36633663366336633,False
90,0.0,AUC,1.0,False
120,0.3846153846153846,AUC,1.0,False
150,0.5538461538461539,AUC,0.36633663366336633,False
180,0.4230769230769231,AUC,1.0,False
210,0.5,AUC,1.0,False
240,0.27692307692307694,AUC,0.2376237623762376,False
