time_window,metric_value,metric_name,p_value,significant
30,0.09876543209876543,AUC,1.0,False
60,0.3580246913580247,AUC,0.8118811881188119,False
90,0.2592592592592593,AUC,0.49504950495049505,False
120,0.40740740740740744,AUC,0.5346534653465347,False
150,0.20987654320987653,AUC,0.8118811881188119,False
180,0.32098765432098764,AUC,0.8217821782178217,False
210,0.2777777777777778,AUC,0.33663366336633666,False
240,0.41975308641975306,AUC,0.37623762376237624,False
