time_window,metric_value,metric_name,p_value,significant
30,0.425,AUC,0.3465346534653465,False
60,0.5874999999999999,AUC,0.31683168316831684,False
90,0.39999999999999997,AUC,0.27722772277227725,False
120,0.5375,AUC,0.37623762376237624,False
150,0.6875,AUC,0.46534653465346537,False
180,0.32499999999999996,AUC,0.5346534653465347,False
210,0.625,AUC,0.31683168316831684,False
240,0.35,AUC,0.10891089108910891,False
