time_window,metric_value,metric_name,p_value,significant
30,0.5654761904761904,AUC,0.39603960396039606,False
60,0.6547619047619048,AUC,0.3465346534653465,False
90,0.6666666666666666,AUC,0.1782178217821782,False
120,0.7797619047619048,AUC,0.26732673267326734,False
150,0.4166666666666667,AUC,1.0,False
180,0.3214285714285714,AUC,0.25742574257425743,False
210,0.5178571428571429,AUC,0.39603960396039606,False
240,0.18452380952380948,AUC,0.4158415841584158,False
