time_window,metric_value,metric_name,p_value,significant
30,0.21428571428571427,AUC,1.0,False
60,0.3392857142857143,AUC,0.7326732673267327,False
90,0.7321428571428572,AUC,0.5544554455445545,False
120,0.1964285714285714,AUC,1.0,False
150,0.4285714285714286,AUC,0.5643564356435643,False
180,0.6607142857142857,AUC,0.6435643564356436,False
210,0.8392857142857143,AUC,0.6138613861386139,False
240,0.9285714285714286,AUC,0.5544554455445545,False
