time_window,metric_value,metric_name,p_value,significant
30,0.5654761904761904,AUC,0.38613861386138615,False
60,0.6547619047619048,AUC,0.33663366336633666,False
90,0.6666666666666666,AUC,0.15841584158415842,False
120,0.7797619047619048,AUC,0.1782178217821782,False
150,0.4166666666666667,AUC,1.0,False
180,0.3214285714285714,AUC,0.22772277227722773,False
210,0.5178571428571429,AUC,0.504950495049505,False
240,0.18452380952380948,AUC,0.44554455445544555,False
