time_window,metric_value,metric_name,p_value,significant
30,0.15151515151515152,AUC,0.40594059405940597,False
60,0.4242424242424242,AUC,0.46534653465346537,False
90,0.1515151515151515,AUC,1.0,False
120,0.696969696969697,AUC,0.32673267326732675,False
150,0.303030303030303,AUC,0.38613861386138615,False
180,0.2727272727272727,AUC,1.0,False
210,0.2727272727272727,AUC,1.0,False
240,0.0,AUC,1.0,False
