patient_id,time_window,metric_value,metric_name,p_value,significant
S23_203,120,0.303077833605158,Pearson r,0.6831683168316832,False
S23_174,120,,Pearson r,,False
S24_227,120,-0.06103824357091597,Pearson r,0.31683168316831684,False
S24_218,120,-0.254817029865704,Pearson r,0.19801980198019803,False
S24_217,120,,Pearson r,,False
S24_219,120,-0.27939285805558167,Pearson r,0.15841584158415842,False
S24_226,120,,Pearson r,,False
S23_207,120,-0.08969875987844815,Pearson r,0.37623762376237624,False
S23_199,120,0.2635205550050574,Pearson r,0.8712871287128713,False
