Time_Window,Mean_Pearson r,Std_Pearson r,Significant_Patients,Total_Patients,Percent_Significant
30,,,0,9,0.0
60,-0.22508993181400017,0.23247452078019806,1,9,11.11111111111111
90,-0.28992414288779134,,0,9,0.0
120,-0.0197247504600724,0.2504909116086634,0,9,0.0
150,,,0,9,0.0
180,,,0,9,0.0
210,,,0,9,0.0
240,-0.004569809413123187,0.12848273007783623,0,9,0.0
