time_window,mean_score,sem_score,mean_pval
30,0.1287181708562649,0.0694496486110898,0.30588235294117644
60,0.1970107992957159,0.0797216411315486,0.25882352941176473
90,0.17094777191560614,0.10624424209037911,0.29803921568627445
120,-0.008813146792404853,0.07572033400200169,0.43725490196078437
150,-0.0811294668751642,0.08444156702657962,0.49411764705882355
180,0.06343840706597059,0.0989137088573268,0.3784313725490196
210,-0.0005281900003825113,0.09908460113760824,0.4196078431372549
240,-0.08532839815330914,0.07729971400052063,0.49215686274509807
