time_window,mean_score,sem_score,mean_pval
30,0.1948899326171698,0.12131249005195836,0.31960784313725493
60,0.15796383221371685,0.11536135006594343,0.33333333333333337
90,0.02504466133464615,0.1062742978732736,0.49411764705882355
120,0.022329795491153555,0.09488944497903685,0.4352941176470588
150,-0.12397973998579497,0.13574490611978593,0.592156862745098
180,0.045882258098348394,0.03416664822823174,0.3627450980392156
210,0.11199297180825629,0.10443840139490089,0.3529411764705882
240,-0.043985853135457935,0.07503128418538846,0.48039215686274506
