time_window,mean_score,sem_score,mean_pval
30,-0.08854281651871863,0.0962483626975148,0.4568627450980392
60,-0.10974702089779254,0.05532315004366836,0.5450980392156862
90,-0.019382727975060226,0.09757577093923016,0.4333333333333333
120,0.1683235877443707,0.08073923696725059,0.27058823529411763
150,-0.059915452312641546,0.06560350530901732,0.4431372549019608
180,-0.0808374269230272,0.11073641083484524,0.5098039215686274
210,-0.003412615816596587,0.10074208402809087,0.39803921568627454
240,-0.055186121277336686,0.08518988649565915,0.4784313725490196
