time_window,mean_score,sem_score,mean_pval
30,0.5483670292849037,0.07273881289517782,0.38779956427015244
60,0.45939257557615043,0.03668789347970199,0.46623093681917216
90,0.5243257793378566,0.05580888151293742,0.4095860566448801
120,0.5507528524436737,0.05557655373501044,0.3660130718954248
150,0.4094790341167152,0.06776674592039875,0.5054466230936819
180,0.41192355461679125,0.04902552792211735,0.5882352941176471
210,0.43339365054340906,0.05427381358644807,0.5228758169934641
240,0.4491595227102474,0.07438546459346256,0.4836601307189542
