time_window,mean_score,sem_score,mean_pval
30,0.5162404534989077,0.09064444725754224,0.4727668845315903
60,0.5893422912746584,0.037018344473448844,0.3442265795206972
90,0.4688112477967551,0.06492859990055001,0.5991285403050108
120,0.5174530068249875,0.05958287355295346,0.43790849673202614
150,0.394239545568048,0.055460358338784745,0.6405228758169934
180,0.4306300494102427,0.04203907056332265,0.6143790849673203
210,0.5601883534250685,0.0742458872706823,0.38779956427015244
240,0.47766838636403847,0.035798683573114214,0.5708061002178648
