time_window,metric_value,metric_name,p_value,significant
30,-0.999992814293271,Pearson r,0.009900990099009901,True
60,-1.0,Pearson r,0.009900990099009901,True
90,-1.0,Pearson r,0.009900990099009901,True
120,-0.5565774509150396,Pearson r,0.009900990099009901,True
150,-0.8825858694124816,Pearson r,0.9702970297029703,False
180,-0.5771016407462843,Pearson r,0.009900990099009901,True
210,-0.40497048886779685,Pearson r,0.9801980198019802,False
240,-1.0,Pearson r,0.009900990099009901,True
