time_window,metric_value,metric_name,p_value,significant
30,-0.22019237277634,Pearson r,1.0,False
60,-0.7443730438857529,Pearson r,0.009900990099009901,True
90,-0.7018557751162393,Pearson r,0.009900990099009901,True
120,-0.50992492313426,Pearson r,1.0,False
150,0.32077916808096574,Pearson r,0.009900990099009901,True
180,-0.4132076333443978,Pearson r,0.009900990099009901,True
210,-0.21514105294485392,Pearson r,0.009900990099009901,True
240,-0.11908319399835463,Pearson r,0.009900990099009901,True
