time_window,metric_value,metric_name,p_value,significant
30,-0.9796339505092893,Pearson r,1.0,False
60,-0.12628520657412445,Pearson r,1.0,False
90,-0.8276295311272144,Pearson r,0.8811881188118812,False
120,-0.27785642549950434,Pearson r,1.0,False
150,-0.8652458168852917,Pearson r,0.009900990099009901,True
180,-0.9877175033225859,Pearson r,0.009900990099009901,True
210,-0.5906396483756607,Pearson r,0.009900990099009901,True
240,-0.9997141633366673,Pearson r,0.009900990099009901,True
