time_window,metric_value,metric_name,p_value,significant
30,-0.04870890538584568,Pearson r,1.0,False
60,-0.5767790824462767,Pearson r,1.0,False
90,-0.37903600232654366,Pearson r,0.009900990099009901,True
120,0.5138003212394092,Pearson r,1.0,False
150,0.3207353469244039,Pearson r,1.0,False
180,-0.563601037363816,Pearson r,0.009900990099009901,True
210,-0.24158129396711703,Pearson r,0.009900990099009901,True
240,0.13831093770130007,Pearson r,1.0,False
