time_window,metric_value,metric_name,p_value,significant
30,-0.9277508635161589,Pearson r,0.009900990099009901,True
60,-0.23235894248633174,Pearson r,0.9603960396039604,False
90,-0.7202345808870123,Pearson r,1.0,False
120,-0.9407535565199172,Pearson r,0.009900990099009901,True
150,-0.17070644864294393,Pearson r,0.9603960396039604,False
180,-0.7084080844981839,Pearson r,0.009900990099009901,True
210,-0.9999999999999999,Pearson r,0.009900990099009901,True
240,-0.7918460664276328,Pearson r,0.009900990099009901,True
