time_window,metric_value,metric_name,p_value,significant
30,-0.0448702061180278,Pearson r,1.0,False
60,0.12844147432309547,Pearson r,1.0,False
90,0.2818032396160357,Pearson r,1.0,False
120,0.35913193595422965,Pearson r,1.0,False
150,-0.4499423981599654,Pearson r,0.009900990099009901,True
180,-0.522194811631136,Pearson r,0.009900990099009901,True
210,-0.2729504262735541,Pearson r,1.0,False
240,-0.28143480311711616,Pearson r,0.9900990099009901,False
