time_window,metric_value,metric_name,p_value,significant
30,0.1525886570924521,Pearson r,1.0,False
60,0.5428736260359693,Pearson r,1.0,False
90,-0.4277752030132904,Pearson r,0.009900990099009901,True
120,0.3134064801070235,Pearson r,1.0,False
150,-1.0,Pearson r,0.009900990099009901,True
180,-0.5898613746486701,Pearson r,0.009900990099009901,True
210,-0.30024759201935813,Pearson r,0.9900990099009901,False
240,-0.12512534845158638,Pearson r,1.0,False
