time_window,metric_value,metric_name,p_value,significant
30,-0.5484548129056835,Pearson r,0.009900990099009901,True
60,-0.2908926456988459,Pearson r,1.0,False
90,-0.38016639778324635,Pearson r,1.0,False
120,-1.0,Pearson r,0.009900990099009901,True
150,-0.5620275424722646,Pearson r,0.009900990099009901,True
180,-0.9820380332473196,Pearson r,0.009900990099009901,True
210,-1.0,Pearson r,0.009900990099009901,True
240,-0.48549142913486143,Pearson r,0.009900990099009901,True
