time_window,metric_value,metric_name,p_value,significant
30,-0.22951655125044867,Pearson r,0.009900990099009901,True
60,-0.40621333437556467,Pearson r,0.009900990099009901,True
90,0.42502770753653774,Pearson r,1.0,False
120,-0.2262185723350815,Pearson r,0.009900990099009901,True
150,-0.3380308889193874,Pearson r,0.009900990099009901,True
180,-0.13059871887972185,Pearson r,1.0,False
210,-0.09069436483227272,Pearson r,1.0,False
240,-0.06760686568971465,Pearson r,1.0,False
