time_window,metric_value,metric_name,p_value,significant
30,-0.4671119215420756,Pearson r,1.0,False
60,-0.3306301401308556,Pearson r,0.009900990099009901,True
90,-0.6416376365739085,Pearson r,1.0,False
120,-0.8236306360921823,Pearson r,0.009900990099009901,True
150,-0.9227321340657703,Pearson r,1.0,False
180,-0.6684831658273162,Pearson r,1.0,False
210,-0.9809761514296772,Pearson r,1.0,False
240,-0.8653300885049305,Pearson r,1.0,False
