time_window,metric_value,metric_name,p_value,significant
30,-0.4094635857940898,Pearson r,0.009900990099009901,True
60,-0.9911220287161548,Pearson r,0.009900990099009901,True
90,-0.9590750257559487,Pearson r,0.009900990099009901,True
120,0.6015870239840095,Pearson r,1.0,False
150,-0.390130963880043,Pearson r,1.0,False
180,-0.6051142605734986,Pearson r,0.009900990099009901,True
210,-0.6744860559194626,Pearson r,0.009900990099009901,True
240,-0.4966914495723943,Pearson r,1.0,False
