time_window,metric_value,metric_name,p_value,significant
30,-0.4543470953808534,Pearson r,1.0,False
60,-0.34080815495788674,Pearson r,1.0,False
90,-0.43041270600214615,Pearson r,0.009900990099009901,True
120,-0.6363557048041225,Pearson r,0.009900990099009901,True
150,0.4747674894860606,Pearson r,1.0,False
180,-0.5372746900319053,Pearson r,0.009900990099009901,True
210,-0.733189385548975,Pearson r,0.009900990099009901,True
240,-0.08512759521212636,Pearson r,1.0,False
