time_window,metric_value,metric_name,p_value,significant
30,-0.7022118764200797,Pearson r,0.009900990099009901,True
60,0.13910801352017696,Pearson r,1.0,False
90,-0.709740116074596,Pearson r,0.009900990099009901,True
120,-0.41842180686598285,Pearson r,1.0,False
150,-0.2634389321470446,Pearson r,1.0,False
180,-0.2515414325342894,Pearson r,0.009900990099009901,True
210,-0.13902975886404137,Pearson r,1.0,False
240,-0.016868923581860443,Pearson r,1.0,False
